address,
0xfa7eae5d79c0b4239da10a2678fc693a813b5626,
0x6c0d0424ee15ec5bebe84f371e0c6c9949d3a98b,
0xc5ed2333f8a2c351fca35e5ebadb2a82f5d254c3,
0xba2828dc3844898eeea02af3da593c7b13a61c19,
0x3f499b04a01d2bd272ae148b6f06ab95f3991cf2,
0x4d0eb8efd1ee8aebcb3bf6fb9821273da249dbe9,
0x848d47d6a68fc0ce61e234257fa7024c59d331dc,
0xac02eaba0f790d6c6af48b909f59189ac5c65a65,
0xeebe5c745cc340e2fcedc71ccda68dfce87270e6,
0x56e43d4f29a62a835aacd36db2725151874acca6,
0x3d7eea653c73755dbe9f31759ac97c628b674161,
0xe6a2b4492782888932007d842bfa73957ad56ffb,
0x0216e02b77b59dcfa0ce92e564dffcedca0bbacc,
0x0271cf4652720463f093f963270ecde4a4cba89c,
0x08e93890903dafc3f3a5994ef7be0942dc69e93d,
0x1065f374e249e83faad7942a08e541f4488892b6,
0x10ff52ca0559f50471db4fd42a10df2e987252e1,
0x14d5cccc567ed2273a4370da99531659917699a8,
0x366401d0c187eb5194488cbcf4ff7ebe6b8b221f,
0x8fd00f170fdf3772c5ebdcd90bf257316c69ba45,
0xe3031c1bfaa7825813c562cbdcc69d96fcad2087,WBTC Merchant
0xefb2e870b14d7e555a31b392541acf002dae6ae9,Eth2 DepositorÂ 
0xf34f0420b588b6cf956f66beabab3f75deb10a63,
0xa294cca691e4c83b1fc0c8d63d9a3eef0a196de1,
0xf79a1844e66e4f89d755bc99941078dff4e99218,
0xb29380ffc20696729b7ab8d093fa1e2ec14dfe2b,
0x4f52b520ce7b75ce0f39247f4da5342bcf2a3214,
0x5e8c6f885017c5d37047099d5e3046d7c60eb830,
0x66b1c858f04d8d06fc2b06627beb22dc4b089a9c,
0x118b7a93b8ac5ed72564e4949c207ea8404f1304,
0x83c6c03f6c33dc30621ac791da253abdcd088954,
0x000e20a2eefa97815f3f5057fcd8920acf1ae0de,
0x12ef97e205cd3de60fb1c1e073403277be080fea,
0xa0dc5bcefddce5c369fa5707ab445ec0906e76ce,
0x6594c9a52ecceb4189ac859210b3d1073813c3e4,
0x995e3b49898ddcdc165d73413b559f965d21b8d2,
0xc3f797f0593f089a7b1a125110d585cc6f89281f,
0xe3792a9c235d434b702023b33f03c48c41631090,
0x5dfadad1f2b6bb502cea3f1714d1cff6fd4fae83,
0x27e9f4748a2eb776be193a1f7dec2bb6daafe9cf,
0x87f217814f7ca7bdef021015b245277cde2bbd1e,
0xa2569370a9d4841c9a62fc51269110f2eb7e0171,Synapse 
0xfa103c21ea2df71dfb92b0652f8b1d795e51cdef,
0x722122df12d4e14e13ac3b6895a86e84145b6967,Tornado.cash 
0xb3c839dbde6b96d37c56ee4f9dad3390d49310aa,
