,block_timestamp,from_address,to_address,value,from_address_type,to_address_type
1,2021-09-24 01:01:04 UTC,0x1c26d94a07b820b759581792a2eaff2fde3d250f,0x018d5c4783f5317815f6e8168942a12adde3cd3c,0.0,EOA,Contract
2,2021-09-24 03:38:42 UTC,0xddfabcdc4d8ffc6d5beaf154f18b778f892a0740,0x893e228cecb7a39645ab9ab2966b71e7d8d94cef,0.06753826,EOA,EOA
3,2021-09-24 04:37:14 UTC,0x14631c27771e7021fe4093a67b9a90353d64e951,0x07a13eea351d501cfedf96bda8528bbc71ca5d80,0.05,EOA,Contract
4,2021-09-24 06:34:41 UTC,0xd5a06ac60905636f8c66f8ea1c662a1bfa2af9d1,0x0ee0cb563a52ae1170ac34fbb94c50e89adde4bd,0.0,EOA,Contract
5,2021-09-24 09:23:45 UTC,0x6e551048cb8f6f94632206a25628807d76432126,0x0000000089341e263b85d84a0eea39f47c37a9d2,0.0,EOA,Contract
6,2021-09-24 09:23:45 UTC,0x50e7b0f8b2811a7877191c3d2be56bc191772601,0x8951f25adcc7c3256dd9b521ed726fb587a46d52,0.04813078166702913,EOA,EOA
7,2021-09-24 09:23:45 UTC,0x7280f362f56930e99f40da673a17b62f5077f978,0x000000c778adda98963d8b8152229e55f92950cd,0.0,EOA,Contract
8,2021-09-24 12:16:18 UTC,0x8fa6521bd55c981b27cc7dae33754dee86125e0a,0x510e8fdfdfe54907065ab4478d1ddb8495e42ec2,0.013084472051807247,EOA,EOA
9,2021-09-24 12:16:18 UTC,0x000000a23c3512d4aab1129564b7e4e1ff571287,0x0000006daea1723962647b7e189d311d757fb793,0.0,EOA,Contract
10,2021-09-24 12:16:18 UTC,0xb06cf21bb0a6d0de5304827b8176e884f635b7c0,0x0b7ffc1f4ad541a4ed16b40d8c37f0929158d101,0.0,EOA,Contract
11,2021-09-24 13:16:31 UTC,0x61d5671f003f8aee1afd2c268bf8907d4911d19e,0xec0d3f28d37a3393cf09ee3ad446c485b6afdaa3,0.0,EOA,Contract
12,2021-09-24 13:16:31 UTC,0x7bc1c2e788a30208150addd5020723d7a978b7dd,0x1c5ed03149b1fd5efe12828a660c7b892c111ba4,0.1,EOA,Contract
13,2021-09-24 14:14:25 UTC,0x30b8235f492265a734347c0bf36e2ffcad887be2,0x1d6e8bac6ea3730825bde4b005ed7b2b39a2932d,0.0,EOA,Contract
14,2021-09-24 15:18:35 UTC,0xd869decd794d2a6bcfb760d3113ef9cfb7681f98,0xd153f0014db6d1f339c6340d2c9f59214355d9d7,0.0,EOA,Contract
15,2021-09-24 16:16:33 UTC,0xddfabcdc4d8ffc6d5beaf154f18b778f892a0740,0xde30da39c46104798bb5aa3fe8b9e0e1f348163f,0.0,EOA,Contract
16,2021-09-24 16:16:33 UTC,0x22dde91dba0fac29b82536788d478af7a6e6eec5,0x573b25158267a67c1608b2e4d633121737b99f37,0.346943,EOA,Contract
17,2021-09-24 19:02:57 UTC,0xc098b2a3aa256d2140208c3de6543aaef5cd3a94,0x6139fbb2f9ff42eee1dd32c690eca07fe07644b5,0.02554114,EOA,EOA
18,2021-09-24 19:02:57 UTC,0x2faf487a4414fe77e2327f0bf4ae2a264a776ad2,0x6f259637dcd74c767781e37bc6133cd6a68aa161,0.0,EOA,Contract
19,2021-09-24 21:59:39 UTC,0x005fde5294199d5c3eb5eb7a6e51954123b74b1c,0x4a137fd5e7a256ef08a7de531a17d0be0cc7b6b6,0.0,EOA,Contract
20,2021-09-24 23:53:11 UTC,0xa81676489a3acefc0ca8d6288987b0f1fc86173d,0xdef1c0ded9bec7f1a1670819833240f027b25eff,0.00376701364746,EOA,Contract
21,2021-09-24 01:01:21 UTC,0xa218a9dc8de331e783584f70331437a518399b46,0x0cfb5d82be2b949e8fa73a656df91821e2ad99fd,0.05,EOA,Contract
22,2021-09-24 01:01:21 UTC,0xe093f57e9092c48968b14bf284cd4fdbb111ef6c,0xfe09e53a81fe2808bc493ea64319109b5baa573e,0.0,EOA,Contract
23,2021-09-24 01:01:21 UTC,0x19cfdf5bc6f703ed3e759c29d475c96f748d31d6,0x414c5e3716bcec4b2373108b187914215695627a,0.18,EOA,Contract
24,2021-09-24 01:01:21 UTC,0x99f743d9e1db6bd9ac6cb27e4ae2d40cfe6de1cb,0x4f6742badb049791cd9a37ea913f2bac38d01279,2.0448818114,EOA,EOA
25,2021-09-24 01:01:21 UTC,0x1dc34a7e73ea2ebeaa262090a3898c3dd29823a7,0xdef1c0ded9bec7f1a1670819833240f027b25eff,0.085,EOA,Contract
26,2021-09-24 01:01:21 UTC,0x3c02290922a3618a4646e3bbca65853ea45fe7c6,0xf411903cbc70a74d22900a5de66a2dda66507255,0.0,EOA,Contract
27,2021-09-24 01:54:40 UTC,0x1288eb773f9ab5fd2368c870f02aaf97a7bfce9c,0x5e9dc633830af18aa43ddb7b042646aadedcce81,0.176,EOA,Contract
28,2021-09-24 02:45:06 UTC,0x332b0483d5bc40e7613451aa4812b44dd989f297,0x3a9cd4c36b4ff8c51ddcf6bf6da927fec156460d,0.0,EOA,Contract
29,2021-09-24 02:45:06 UTC,0xafe6520e39b77158e15b3377c1528b590a887800,0xd4275e04dbe82526e4a17ac0fb8f509b6080a455,0.0,EOA,Contract
30,2021-09-24 03:38:50 UTC,0x0f769e9fe7430b04d2173ba65e093917475852b5,0xf1f3ca6268f330fda08418db12171c3173ee39c9,0.0,EOA,Contract
31,2021-09-24 03:38:50 UTC,0xb5d85cbf7cb3ee0d56b3bb207d5fc4b82f43f511,0x3e4710ca1ffbace633e4850e02b9a1e0c3b5bf80,0.01354962,EOA,EOA
32,2021-09-24 03:38:50 UTC,0xddfabcdc4d8ffc6d5beaf154f18b778f892a0740,0xdd9a2d9e8ffef7d9b5f628733cb3a9746139b499,0.01613973,EOA,EOA
33,2021-09-24 03:38:50 UTC,0xc098b2a3aa256d2140208c3de6543aaef5cd3a94,0xf7be8d31541a95937403454a0d48c8a4f5a4a3aa,0.14094507,EOA,EOA
34,2021-09-24 06:34:51 UTC,0x0f1935afe97b45f5c92f7c2411efcf49f0b2c3d0,0x5addc649a65440e6485e83b94e8162d4bf8a6993,0.0,EOA,Contract
35,2021-09-24 07:33:33 UTC,0xb5d85cbf7cb3ee0d56b3bb207d5fc4b82f43f511,0xba1321567780524c0e1a47488179ab4609573cf0,0.02625,EOA,EOA
36,2021-09-24 07:33:33 UTC,0xa4b414c05479f691bb2b6225a06d613029d4c537,0xbf3e3e6c558102f52057b87d385e03ea064c904b,0.017,EOA,Contract
37,2021-09-24 07:33:33 UTC,0xeb2629a2734e272bcc07bda959863f316f4bd4cf,0x685c30a2b92a2f5eb5034a30be7de46c89a0adbe,0.01594877,EOA,EOA
38,2021-09-24 07:33:33 UTC,0x3cd751e6b0078be393132286c442345e5dc49699,0xc5057f31c5eb2e2a971791bb740f150a0a245833,0.02625,EOA,EOA
39,2021-09-24 07:33:33 UTC,0xdf51be4a74ca4d98fd26049dda255d37efdfd4f3,0x090185f2135308bad17527004364ebcc2d37e5f6,0.0,EOA,Contract
40,2021-09-24 07:33:33 UTC,0xb5d85cbf7cb3ee0d56b3bb207d5fc4b82f43f511,0xb5b0bf1959225260fe172bf69e1d7543c6e1b1b1,0.02625,EOA,EOA
41,2021-09-24 07:33:33 UTC,0xc5ad6db2a5fdb53c1838184e0a6cd2ba06c0239b,0x17834b754e2f09946ce48d7b5beb4d7d94d98ab6,0.0,EOA,Contract
42,2021-09-24 08:31:06 UTC,0xd05ed8e2733ca6f4f182a5df84fd3884d6033b09,0x4fc8cef7fa9f330a29332bdc773ae45eafbbb815,0.0,EOA,Contract
43,2021-09-24 10:21:47 UTC,0xd6f660aea79dabd5220332a73d4effaeb70b3547,0xa405e822d1c3a8568c6b82eb6e570fca0136f802,0.0,EOA,Contract
44,2021-09-24 11:20:59 UTC,0xc098b2a3aa256d2140208c3de6543aaef5cd3a94,0x6aca1cb651fb9d1a207b2a279ced05480185aa52,13.005,EOA,EOA
45,2021-09-24 11:20:59 UTC,0x2f9677016cb1e92e8f8a999c4541650c80c8637a,0x2f9677016cb1e92e8f8a999c4541650c80c8637a,0.0,EOA,EOA
46,2021-09-24 11:20:59 UTC,0x2528b985765da6aebde7c6d823915c1cc336b057,0x9799b475dec92bd99bbdd943013325c36157f383,0.0,EOA,Contract
47,2021-09-24 11:20:59 UTC,0x0b9a2bc8b54ff80c352c7f13586b16e7d3f1407b,0xb4b1ff3f1fc779f66bc9907be969c120b99cff7e,0.5,EOA,Contract
48,2021-09-24 11:20:59 UTC,0x5338035c008ea8c4b850052bc8dad6a33dc2206c,0xdef171fe48cf0115b1d80b88dc8eab59176fee57,0.0,EOA,Contract
49,2021-09-24 11:20:59 UTC,0xbd0d6165422daa169a87d5706acc51fe70d8fd03,0x893aa950052033ef79d64e9f928642c320bfb416,0.098695924689555,EOA,EOA
50,2021-09-24 12:17:14 UTC,0x2a7ca42cd7a00223d1ef15826a4d0ae03daae015,0x2a7ca42cd7a00223d1ef15826a4d0ae03daae015,0.0,EOA,EOA
51,2021-09-24 16:16:52 UTC,0x646bf56e1d87b353611f456826977a8be2e04f6a,0x5cbe98480a790554403694b98bff71a525907f5d,0.0,EOA,Contract
52,2021-09-24 16:16:52 UTC,0x3eea9bfa4e1e348fbca79bec1bfd900775701c12,0x8d9c526f51fd5bde74c6e6bcb931c046727ea4f6,0.0,EOA,Contract
53,2021-09-24 17:11:20 UTC,0x50684afcff413e3314f5b3dd3c35aee9c1ad78be,0x6317c4cab501655d7b85128a5868e98a094c0082,0.070874,EOA,Contract
54,2021-09-24 22:00:02 UTC,0x7e8d3b139ab0c670d6d992819065f5d684b37479,0x57a204aa1042f6e66dd7730813f4024114d74f37,0.0,EOA,Contract
55,2021-09-24 22:00:02 UTC,0x5ef6cb30bdeb7417eff861e68bb405dc4a0b46c6,0xa53e385a1e97ad43fa9712f427d40381c9cc2063,0.01,EOA,EOA
56,2021-09-24 22:00:02 UTC,0x0e938f234cff703624a24770a18094cd71e2b37b,0x7d2768de32b0b80b7a3454c06bdac94a69ddc7a9,0.0,EOA,Contract
57,2021-09-24 22:00:02 UTC,0x5990077684b3883e5b0f6a9bf2c68be4599e81b3,0x5990077684b3883e5b0f6a9bf2c68be4599e81b3,0.0,EOA,EOA
58,2021-09-24 22:54:56 UTC,0xa8b5182fb7bb1dcba3fa44ec3ea11833451a5c3b,0xff6892a18180aa73a05db03d6e8406deba408d9a,0.0921599667072152,EOA,EOA
59,2021-09-24 01:01:44 UTC,0xced0d533150a6eb71da83a998d3ab4e900f599ae,0xced0d533150a6eb71da83a998d3ab4e900f599ae,0.0,EOA,EOA
60,2021-09-24 01:01:44 UTC,0x3cd751e6b0078be393132286c442345e5dc49699,0xd2e35f9155828732c4fc4b0ae4bd22a259973e5b,0.02125,EOA,EOA
61,2021-09-24 01:01:44 UTC,0xddfabcdc4d8ffc6d5beaf154f18b778f892a0740,0xe330b7f52577b9425d40a9839cad3bd4fd440bff,0.07189222,EOA,EOA
62,2021-09-24 01:01:44 UTC,0x82a56ab730cb87466efa8cae21c5f6dae07cf246,0x4f6742badb049791cd9a37ea913f2bac38d01279,1.994169289,EOA,EOA
63,2021-09-24 01:01:44 UTC,0x19afc9d90e02e7e643010a374fae0ff488f64c22,0x19afc9d90e02e7e643010a374fae0ff488f64c22,0.0,EOA,EOA
64,2021-09-24 01:01:44 UTC,0xddfabcdc4d8ffc6d5beaf154f18b778f892a0740,0x954bdd86194319f59692ab9a92228a348b00e5cf,0.00511474,EOA,EOA
65,2021-09-24 01:01:44 UTC,0x777d0dcc4615ccfe3e575c20219fdf0bbe8251c7,0xfd70c2fee7267c67f630697b7b2f0f356b05ca46,1.3285378e-11,EOA,Contract
66,2021-09-24 01:01:44 UTC,0xb5d85cbf7cb3ee0d56b3bb207d5fc4b82f43f511,0x6cf879fbb0da9445550e69a4b993142bc2066726,0.22978991,EOA,EOA
67,2021-09-24 01:01:44 UTC,0xeb2629a2734e272bcc07bda959863f316f4bd4cf,0xf5144ef76f7d9fdcf9a837e7ff67f1e309d67ba7,0.02125,EOA,EOA
68,2021-09-24 01:01:44 UTC,0xb5d85cbf7cb3ee0d56b3bb207d5fc4b82f43f511,0x422f1a8e15f942f0cd72043a3b5e1bcbd0890dcb,0.28436086,EOA,EOA
69,2021-09-24 01:01:44 UTC,0xfc2e092d503be4ca6b6c7c27516a5a769ede50a3,0x4f6742badb049791cd9a37ea913f2bac38d01279,1.9785149,EOA,EOA
70,2021-09-24 01:01:44 UTC,0x3cd751e6b0078be393132286c442345e5dc49699,0x56413cf4c7ce789b8a628a666893b7f8f0c03d69,0.02275,EOA,EOA
71,2021-09-24 01:01:44 UTC,0xb5d85cbf7cb3ee0d56b3bb207d5fc4b82f43f511,0x15e6906a3bf7d4f086616b381da366053a078b61,0.02929328,EOA,EOA
72,2021-09-24 01:01:44 UTC,0x3cd751e6b0078be393132286c442345e5dc49699,0x96e8fe738acb7a9effdc02a37b4ff9ac4f56b703,0.21808952,EOA,EOA
73,2021-09-24 01:01:44 UTC,0xced0d533150a6eb71da83a998d3ab4e900f599ae,0xced0d533150a6eb71da83a998d3ab4e900f599ae,0.0,EOA,EOA
74,2021-09-24 01:54:42 UTC,0x0000a0756737268a633cd9296f1b154cf74430b6,0x0000006daea1723962647b7e189d311d757fb793,0.0,EOA,Contract
75,2021-09-24 02:45:08 UTC,0x24b23bb643082026227e945c7833b81426057b10,0x112536829069ddf8868de6f8283ea7c3cd3e6743,0.0,EOA,Contract
76,2021-09-24 03:39:15 UTC,0xeb2629a2734e272bcc07bda959863f316f4bd4cf,0xaef398de38e160f4c2e80b787f3e6735293580b9,0.14697362,EOA,EOA
77,2021-09-24 05:35:14 UTC,0x389044f3ac7472060a0618116e3624a5f0f20f28,0x9bfbe65c1d3a0ed84d035bb73779658240ba8d18,0.264103321272468,EOA,EOA
78,2021-09-24 05:35:14 UTC,0x7ac7398fbf5b495bc4e7683600586c6bfd84e80c,0xdef171fe48cf0115b1d80b88dc8eab59176fee57,20.0,EOA,Contract
79,2021-09-24 05:35:14 UTC,0x51836a753e344257b361519e948ffcaf5fb8d521,0x1ca347668027e29c4e7106f268eeae5df58b5335,0.17293323,EOA,EOA
80,2021-09-24 08:31:07 UTC,0xa314e7d9bb472436c9d07cc92907d971a7a31780,0x07a13eea351d501cfedf96bda8528bbc71ca5d80,0.05,EOA,Contract
81,2021-09-24 08:31:07 UTC,0x297b2daf01cc052514a53726ae800c4035053a20,0x48fb253446873234f2febbf9bdeaa72d9d387f94,0.0,EOA,Contract
82,2021-09-24 08:31:07 UTC,0x14a52285b216ee6562e717f21a01e056fd16c676,0x28130d2f98c3130a04d338df6081ef607664a0b9,0.0,EOA,Contract
83,2021-09-24 08:31:07 UTC,0x9783ce8b4afdd94948219c88522b51e984a5c98b,0x9783ce8b4afdd94948219c88522b51e984a5c98b,0.0,EOA,EOA
84,2021-09-24 08:31:07 UTC,0x9394af1967ed68ea22f90573431d4b132b799e1c,0x4a4e2d4859af854d2a3fc6df295843d21e70cc78,0.0,EOA,Contract
85,2021-09-24 08:31:07 UTC,0xff36b9cb75c9178841d8b75baf9776bfa59fbe9d,0x69a95185ee2a045cdc4bcd1b1df10710395e4e23,0.0,EOA,Contract
86,2021-09-24 09:23:50 UTC,0x5fa32becb8ac66a3a1307f1849916a3aa4b06a41,0x07a13eea351d501cfedf96bda8528bbc71ca5d80,0.05,EOA,Contract
87,2021-09-24 09:23:50 UTC,0x832465d980d9872e79c72b1b940bf345691569e3,0x7d1afa7b718fb893db30a3abc0cfc608aacfebb0,0.0,EOA,Contract
88,2021-09-24 11:21:21 UTC,0x2574b705c7ab888bb892da156486392fbb58ae9b,0x94bdf9f89d6e6639912308cf84844e0e9befcd56,1.875811272591995,EOA,EOA
89,2021-09-24 18:07:55 UTC,0x4b8a6a3a657ba4568bd582fffe776a325a8616af,0xddb3422497e61e13543bea06989c0789117555c5,0.0,EOA,Contract
90,2021-09-24 18:07:55 UTC,0xf9db0104a9bb72350941038d448d5721aca6981c,0x6317c4cab501655d7b85128a5868e98a094c0082,0.70874,EOA,Contract
91,2021-09-24 18:07:55 UTC,0xb06655296e296600c41d6f3c656b0bedd426f82a,0xf6874c88757721a02f47592140905c4336dfbc61,0.0,EOA,Contract
92,2021-09-24 19:03:16 UTC,0x08e7eb07bcd4be629bab1b619116a49ea141db98,0x2cfcbf304415d87611e89fd284ed362cf6ba5141,0.1,EOA,Contract
93,2021-09-24 19:58:49 UTC,0x2da950f79d8bd7e7f815e1bbc43ecee2c7e7f5d3,0xd2dda223b2617cb616c1580db421e4cfae6a8a85,0.0,EOA,Contract
94,2021-09-24 20:58:16 UTC,0xc098b2a3aa256d2140208c3de6543aaef5cd3a94,0x179707fc28722cd584ac7c14f0657ffa985810d2,0.07797302,EOA,EOA
95,2021-09-24 20:58:16 UTC,0x8639f00176ed81f6be7e45f3443861c064f7fd6f,0x4e15361fd6b4bb609fa63c81a2be19d873717870,0.0,EOA,Contract
96,2021-09-24 20:58:16 UTC,0x75a243cb48a7b7a5ce1776d267745ece3de9c6dd,0x71c99b3b2b2ca1e29eb05dfe0e12c75799c744cf,0.0,EOA,Contract
97,2021-09-24 20:58:16 UTC,0x30da3d7a865c934b389c919c737510054111ab3a,0xc55c2175e90a46602fd42e931f62b3acc1a013ca,0.0,EOA,Contract
98,2021-09-24 20:58:16 UTC,0x9818d3bb120f662f8c7789405abf9dbceb5f4fc4,0xa0c68c638235ee32657e8f720a23cec1bfc77c77,0.0098,EOA,Contract
99,2021-09-24 20:58:16 UTC,0x7a349a913243c84b428ccae73f1a6636235b151a,0xe440654a00b757446b4914c56ad56a804a6bc6af,0.12,EOA,Contract
